JURUSAN;TERBAYAR
FARMASI;400.000
TEKNIK BISNIS SEPEDA MOTOR (TBSM);300.000
FARMASI;850.000
FARMASI;200.000
TEKNIK KOMPUTER DAN JARINGAN;150.000
TEKNIK KENDARAAN RINGAN (TKR);850.000
FARMASI;500.000
TEKNIK KOMPUTER DAN JARINGAN;550.000
TEKNIK KOMPUTER DAN JARINGAN;700.000
TEKNIK BISNIS SEPEDA MOTOR (TBSM);850.000
FARMASI;850.000
TEKNIK KOMPUTER DAN JARINGAN;500.000
TEKNIK BISNIS SEPEDA MOTOR (TBSM);300.000
TEKNIK KENDARAAN RINGAN (TKR);850.000
FARMASI;850.000
TEKNIK KOMPUTER DAN JARINGAN;200.000
AKUNTANSI;850.000
AKUNTANSI;850.000
AKUNTANSI;850.000
TEKNIK BISNIS SEPEDA MOTOR (TBSM);300.000
TEKNIK BISNIS SEPEDA MOTOR (TBSM);300.000
TEKNIK KOMPUTER DAN JARINGAN;200.000
TEKNIK KOMPUTER DAN JARINGAN;850.000
TEKNIK KOMPUTER DAN JARINGAN;200.000
TEKNIK KENDARAAN RINGAN (TKR);300.000
TEKNIK KOMPUTER DAN JARINGAN;850.000
TEKNIK BISNIS SEPEDA MOTOR (TBSM);100.000
TEKNIK KENDARAAN RINGAN (TKR);850.000
FARMASI;850.000
AKUNTANSI;200.000
TEKNIK BISNIS SEPEDA MOTOR (TBSM);850.000
FARMASI;200.000
FARMASI;200.000
TEKNIK KOMPUTER DAN JARINGAN;200.000
TEKNIK KOMPUTER DAN JARINGAN;200.000
TEKNIK BISNIS SEPEDA MOTOR (TBSM);300.000
TEKNIK BISNIS SEPEDA MOTOR (TBSM);300.000
FARMASI;200.000
TEKNIK KOMPUTER DAN JARINGAN;100.000
TEKNIK KOMPUTER DAN JARINGAN;100.000
TEKNIK BISNIS SEPEDA MOTOR (TBSM);200.000
AKUNTANSI;850.000
FARMASI;200.000
TEKNIK KENDARAAN RINGAN (TKR);200.000
TEKNIK KOMPUTER DAN JARINGAN;850.000
AKUNTANSI;100.000
AKUNTANSI;300.000
TEKNIK KOMPUTER DAN JARINGAN;300.000
TEKNIK KENDARAAN RINGAN (TKR);850.000
FARMASI;300.000
FARMASI;500.000
TEKNIK BISNIS SEPEDA MOTOR (TBSM);500.000
TEKNIK BISNIS SEPEDA MOTOR (TBSM);300.000
TEKNIK BISNIS SEPEDA MOTOR (TBSM);300.000
TEKNIK BISNIS SEPEDA MOTOR (TBSM);200.000
TEKNIK BISNIS SEPEDA MOTOR (TBSM);200.000
FARMASI;100.000
TEKNIK BISNIS SEPEDA MOTOR (TBSM);850.000
TEKNIK KOMPUTER DAN JARINGAN;200.000
TEKNIK BISNIS SEPEDA MOTOR (TBSM);500.000
FARMASI;200.000
AKUNTANSI;200.000
AKUNTANSI;200.000
AKUNTANSI;200.000
FARMASI;850.000
